<?xml version="1.0" encoding="UTF-8"?>

<mule xmlns:json="http://www.mulesoft.org/schema/mule/json" xmlns:metadata="http://www.mulesoft.org/schema/mule/metadata" xmlns:dw="http://www.mulesoft.org/schema/mule/ee/dw" xmlns:http="http://www.mulesoft.org/schema/mule/http" xmlns="http://www.mulesoft.org/schema/mule/core" xmlns:doc="http://www.mulesoft.org/schema/mule/documentation"
	xmlns:spring="http://www.springframework.org/schema/beans" 
	xmlns:xsi="http://www.w3.org/2001/XMLSchema-instance"
	xsi:schemaLocation="http://www.springframework.org/schema/beans http://www.springframework.org/schema/beans/spring-beans-current.xsd
http://www.mulesoft.org/schema/mule/core http://www.mulesoft.org/schema/mule/core/current/mule.xsd
http://www.mulesoft.org/schema/mule/http http://www.mulesoft.org/schema/mule/http/current/mule-http.xsd
http://www.mulesoft.org/schema/mule/ee/dw http://www.mulesoft.org/schema/mule/ee/dw/current/dw.xsd
http://www.mulesoft.org/schema/mule/json http://www.mulesoft.org/schema/mule/json/current/mule-json.xsd">
    <http:request-config name="HTTP_Request_Configuration" host="${http.host}" port="${http.port}" doc:name="HTTP Request Configuration"/>
    <sub-flow name="getweatherdetails">
        <logger level="INFO" doc:name="Get Weather Details - Init"/>
        <http:request config-ref="HTTP_WEATHER_CONFIG" path="${weather.api.base.path}" method="GET"   doc:name="Call OpenWeather">
            <http:request-builder>
                <http:query-param paramName="q" value="#[flowVars.location]"/>
                <http:query-param paramName="appid" value="${weather.api.key}"/>
            </http:request-builder>
        </http:request>
        <dw:transform-message doc:name="Transform Message" metadata:id="52727249-21c0-4219-8d3f-fa5902ad6f3d">
            <dw:input-payload doc:sample="examples/get-waether-data-response.json" mimeType="application/json"/>
            <dw:set-variable variableName="weather"><![CDATA[%dw 1.0
%output application/java
---
{
   tempertaure: (payload.main.temp - 273.15),
   offset: (payload.timezone / 3600),
   location : payload.coord,
   datetime : payload.dt
}]]></dw:set-variable>
        </dw:transform-message>
        <invoke name="GetTimeStamp" object-ref="DateUtils" method="convertDate" methodArguments="#[flowVars.weather.datetime],#[flowVars.location]" methodArgumentTypes="java.lang.Integer,java.lang.String" doc:name="Convert TimeStamp"/>
        <set-variable variableName="datetime" value="#[payload]" doc:name="Set Datetime"/>

        <logger level="INFO" doc:name="Get Weather Details- Done"/>
    </sub-flow>
</mule>
