<?xml version="1.0" encoding="UTF-8"?>

<mule xmlns:metadata="http://www.mulesoft.org/schema/mule/metadata" xmlns:json="http://www.mulesoft.org/schema/mule/json" xmlns:dw="http://www.mulesoft.org/schema/mule/ee/dw" xmlns="http://www.mulesoft.org/schema/mule/core" xmlns:doc="http://www.mulesoft.org/schema/mule/documentation"
	xmlns:spring="http://www.springframework.org/schema/beans" 
	xmlns:xsi="http://www.w3.org/2001/XMLSchema-instance"
	xsi:schemaLocation="http://www.springframework.org/schema/beans http://www.springframework.org/schema/beans/spring-beans-current.xsd
http://www.mulesoft.org/schema/mule/core http://www.mulesoft.org/schema/mule/core/current/mule.xsd
http://www.mulesoft.org/schema/mule/ee/dw http://www.mulesoft.org/schema/mule/ee/dw/current/dw.xsd
http://www.mulesoft.org/schema/mule/json http://www.mulesoft.org/schema/mule/json/current/mule-json.xsd">
    <sub-flow name="postuserdetails">
        <logger level="INFO" doc:name="Post User Details - Init"/>
        <json:json-to-object-transformer returnClass="java.util.HashMap" doc:name="JSON to Object"/>
        <set-variable variableName="orgPayload" value="#[payload]" mimeType="application/java" doc:name="Set Org Payload"/>
        <set-variable variableName="location" value="#[flowVars.orgPayload.Items[4]],#[flowVars.orgPayload.Items[3]]" doc:name="Init location"/>
        <flow-ref name="getweatherdetails" doc:name="Get Weather Details"/>
        <invoke name="GetTimeStamp" object-ref="DateUtils" method="convertDate" methodArguments="#[flowVars.weather.datetime],#[flowVars.location]" methodArgumentTypes="java.lang.Integer,java.lang.String" doc:name="Convert TimeStamp"/>
        <set-variable variableName="datetime" value="#[payload]" doc:name="Set Datetime"/>
        <dw:transform-message doc:name="Transform Message" metadata:id="b34eba98-6b33-49a9-9618-330fe6a7b69f">
            <dw:input-payload doc:sample="examples/post-user-request.json" mimeType="application/json"/>
            <dw:input-variable mimeType="application/json" variableName="temperature"/>
            <dw:set-payload><![CDATA[%dw 1.0
%output application/json
%function handleNullValue(value)(value when value!=null otherwise "")
---
{ 
   "lastname": handleNullValue(flowVars.orgPayload.Items[1]),
   "name": handleNullValue(flowVars.orgPayload.Items[0]),
   "timmeZone": handleNullValue(flowVars.orgPayload.Items[3])  ++ '/' ++ handleNullValue(flowVars.orgPayload.Items[4]) ,
   "offfSet": handleNullValue(flowVars.weather.offset),
   "fullName":handleNullValue(flowVars.orgPayload.Items[0]) ++ ' ' ++ handleNullValue(flowVars.orgPayload.Items[1]),
   "temperatureCelcius": flowVars.weather.tempertaure when flowVars.weather.tempertaure != null otherwise 0,
   "dateTime": handleNullValue(flowVars.datetime) as :string,
   "city": handleNullValue(flowVars.orgPayload.Items[4]),
   "location": handleNullValue(flowVars.weather.location)
}]]></dw:set-payload>
        </dw:transform-message>
        <logger level="INFO" doc:name="Post User Details - End"/>
    </sub-flow>
</mule>
